daywk,weekday,sdate,cakes,pies,cookies,smoothies,coffee,promotion
Tuesday,2,01-01-13,79,46,518,60,233,none
Wednesday,3,02-01-13,91,50,539,161,427,none
Thursday,4,03-01-13,47,60,222,166,347,none
Friday,5,04-01-13,89,64,734,153,358,none
Saturday,6,05-01-13,112,73,764,240,392,none
Sunday,7,06-01-13,89,57,922,259,510,none
Monday,1,07-01-13,70,50,476,120,334,none
Tuesday,2,08-01-13,70,48,496,222,316,none
Wednesday,3,09-01-13,59,37,587,181,156,none
Thursday,4,10-01-13,71,36,488,178,298,none
Friday,5,11-01-13,74,50,645,100,490,none
Saturday,6,12-01-13,119,71,438,162,416,none
Sunday,7,13-01-13,90,51,568,137,434,none
Monday,1,14-01-13,96,48,585,194,573,promotion
Tuesday,2,15-01-13,62,56,536,112,287,none
Wednesday,3,16-01-13,48,33,336,151,420,none
Thursday,4,17-01-13,58,67,404,166,376,none
Friday,5,18-01-13,74,74,533,181,456,none
Saturday,6,19-01-13,94,45,470,208,584,none
Sunday,7,20-01-13,97,54,395,231,411,none
Monday,1,21-01-13,79,36,431,159,308,none
Tuesday,2,22-01-13,67,39,276,204,382,none
Wednesday,3,23-01-13,81,43,387,184,295,none
Thursday,4,24-01-13,71,42,456,114,365,none
Friday,5,25-01-13,95,58,647,113,362,none
Saturday,6,26-01-13,95,16,597,178,425,none
Sunday,7,27-01-13,93,66,470,192,355,none
Monday,1,28-01-13,60,46,590,203,255,none
Tuesday,2,29-01-13,79,38,535,141,287,none
Wednesday,3,30-01-13,80,40,397,204,382,none
Thursday,4,31-01-13,77,45,508,181,503,none
Friday,5,01-02-13,71,59,731,236,419,none
Saturday,6,02-02-13,89,62,602,213,329,none
Sunday,7,03-02-13,90,59,536,224,627,none
Monday,1,04-02-13,81,49,518,127,429,none
Tuesday,2,05-02-13,93,54,331,171,328,none
Wednesday,3,06-02-13,65,34,406,146,435,none
Thursday,4,07-02-13,61,50,430,160,376,none
Friday,5,08-02-13,112,70,601,267,581,none
Saturday,6,09-02-13,103,58,411,141,488,none
Sunday,7,10-02-13,113,60,440,187,387,none
Monday,1,11-02-13,63,43,334,209,236,none
Tuesday,2,12-02-13,72,49,424,184,460,none
Wednesday,3,13-02-13,93,61,599,218,388,promotion
Thursday,4,14-02-13,63,53,371,118,226,none
Friday,5,15-02-13,67,50,730,195,523,promotion
Saturday,6,16-02-13,66,71,820,225,568,none
Sunday,7,17-02-13,83,69,611,125,535,none
Monday,1,18-02-13,84,56,549,179,320,promotion
Tuesday,2,19-02-13,77,43,405,206,310,none
Wednesday,3,20-02-13,69,59,431,202,509,none
Thursday,4,21-02-13,94,45,632,260,200,promotion
Friday,5,22-02-13,93,44,689,159,420,none
Saturday,6,23-02-13,70,70,612,244,258,none
Sunday,7,24-02-13,58,51,599,203,331,none
Monday,1,25-02-13,63,57,502,143,330,none
Tuesday,2,26-02-13,68,34,411,99,282,none
Wednesday,3,27-02-13,66,56,551,159,445,none
Thursday,4,28-02-13,48,50,470,165,248,none
Friday,5,01-03-13,73,56,622,119,355,none
Saturday,6,02-03-13,120,84,597,247,506,promotion
Sunday,7,03-03-13,122,52,679,139,506,promotion
Monday,1,04-03-13,55,42,352,156,297,none
Tuesday,2,05-03-13,84,46,513,161,251,none
Wednesday,3,06-03-13,75,52,365,100,357,none
Thursday,4,07-03-13,44,45,392,126,317,none
Friday,5,08-03-13,87,49,653,241,455,none
Saturday,6,09-03-13,128,48,674,168,630,none
Sunday,7,10-03-13,103,59,762,206,481,none
Monday,1,11-03-13,62,54,356,137,231,none
Tuesday,2,12-03-13,92,50,605,171,388,none
Wednesday,3,13-03-13,83,52,527,150,485,none
Thursday,4,14-03-13,78,38,439,92,285,none
Friday,5,15-03-13,67,47,639,246,444,none
Saturday,6,16-03-13,116,51,557,291,381,none
Sunday,7,17-03-13,117,57,718,269,440,promotion
Monday,1,18-03-13,57,45,520,140,186,none
Tuesday,2,19-03-13,71,30,343,130,255,none
Wednesday,3,20-03-13,110,43,261,129,304,none
Thursday,4,21-03-13,84,37,420,179,462,none
Friday,5,22-03-13,81,44,515,224,483,none
Saturday,6,23-03-13,108,68,793,235,375,none
Sunday,7,24-03-13,87,46,585,281,455,none
Monday,1,25-03-13,80,46,308,117,374,none
Tuesday,2,26-03-13,61,37,440,196,322,none
Wednesday,3,27-03-13,95,23,529,142,231,none
Thursday,4,28-03-13,61,42,359,68,352,none
Friday,5,29-03-13,78,41,528,91,460,none
Saturday,6,30-03-13,88,33,817,271,225,none
Sunday,7,31-03-13,78,77,515,172,300,none
Monday,1,01-04-13,75,37,411,166,335,none
Tuesday,2,02-04-13,73,41,417,68,262,none
Wednesday,3,03-04-13,76,54,497,215,348,none
Thursday,4,04-04-13,83,46,417,191,500,none
Friday,5,05-04-13,101,72,519,289,439,none
Saturday,6,06-04-13,94,74,552,247,333,none
Sunday,7,07-04-13,89,53,487,253,435,none
Monday,1,08-04-13,95,54,594,147,282,promotion
Tuesday,2,09-04-13,64,63,284,147,254,none
Wednesday,3,10-04-13,75,36,522,149,370,none
Thursday,4,11-04-13,88,39,320,212,263,none
Friday,5,12-04-13,106,69,445,119,433,none
Saturday,6,13-04-13,101,74,653,215,444,none
Sunday,7,14-04-13,89,52,633,261,518,none
Monday,1,15-04-13,76,44,491,140,300,none
Tuesday,2,16-04-13,74,44,599,164,396,none
Wednesday,3,17-04-13,67,52,410,231,295,none
Thursday,4,18-04-13,87,38,564,305,339,none
Friday,5,19-04-13,107,45,609,288,412,none
Saturday,6,20-04-13,94,75,632,272,444,none
Sunday,7,21-04-13,77,53,606,257,313,none
Monday,1,22-04-13,73,36,360,180,475,none
Tuesday,2,23-04-13,51,47,631,147,253,none
Wednesday,3,24-04-13,72,44,460,232,391,none
Thursday,4,25-04-13,59,43,285,162,292,none
Friday,5,26-04-13,94,78,685,245,621,none
Saturday,6,27-04-13,79,68,400,252,385,none
Sunday,7,28-04-13,64,61,757,216,301,none
Monday,1,29-04-13,87,43,405,143,309,none
Tuesday,2,30-04-13,72,40,403,188,294,none
Wednesday,3,01-05-13,71,61,467,178,273,none
Thursday,4,02-05-13,57,49,418,251,295,none
Friday,5,03-05-13,100,44,434,205,467,none
Saturday,6,04-05-13,84,98,622,346,366,none
Sunday,7,05-05-13,140,41,635,226,372,none
Monday,1,06-05-13,83,46,588,159,357,none
Tuesday,2,07-05-13,118,45,461,201,183,none
Wednesday,3,08-05-13,73,43,463,277,257,none
Thursday,4,09-05-13,77,54,552,254,111,none
Friday,5,10-05-13,95,45,530,248,491,none
Saturday,6,11-05-13,90,52,431,303,525,none
Sunday,7,12-05-13,96,58,395,362,388,none
Monday,1,13-05-13,90,42,391,193,273,none
Tuesday,2,14-05-13,53,52,432,297,248,none
Wednesday,3,15-05-13,79,40,581,182,408,none
Thursday,4,16-05-13,66,55,525,195,248,none
Friday,5,17-05-13,82,50,740,272,276,none
Saturday,6,18-05-13,115,60,710,405,353,none
Sunday,7,19-05-13,61,41,433,300,326,none
Monday,1,20-05-13,96,45,394,293,516,none
Tuesday,2,21-05-13,64,48,363,194,287,none
Wednesday,3,22-05-13,77,68,611,145,506,promotion
Thursday,4,23-05-13,80,44,359,153,321,none
Friday,5,24-05-13,93,57,415,194,424,none
Saturday,6,25-05-13,112,61,568,377,565,none
Sunday,7,26-05-13,100,60,595,257,452,none
Monday,1,27-05-13,81,47,504,167,418,none
Tuesday,2,28-05-13,79,59,460,231,283,none
Wednesday,3,29-05-13,66,54,521,254,475,none
Thursday,4,30-05-13,45,59,547,173,419,none
Friday,5,31-05-13,82,59,305,98,294,none
Saturday,6,01-06-13,93,64,631,297,394,none
Sunday,7,02-06-13,102,59,612,322,456,none
Monday,1,03-06-13,45,36,417,313,282,none
Tuesday,2,04-06-13,58,50,385,198,263,none
Wednesday,3,05-06-13,95,43,373,185,438,none
Thursday,4,06-06-13,61,30,513,235,311,none
Friday,5,07-06-13,56,66,572,423,326,none
Saturday,6,08-06-13,77,76,601,379,617,none
Sunday,7,09-06-13,77,66,579,327,315,none
Monday,1,10-06-13,83,43,502,112,330,none
Tuesday,2,11-06-13,83,56,609,323,422,promotion
Wednesday,3,12-06-13,69,32,543,258,312,none
Thursday,4,13-06-13,61,52,322,289,294,none
Friday,5,14-06-13,76,85,534,385,353,none
Saturday,6,15-06-13,136,66,844,293,398,none
Sunday,7,16-06-13,75,65,604,219,398,none
Monday,1,17-06-13,89,40,452,211,321,none
Tuesday,2,18-06-13,43,40,458,299,344,none
Wednesday,3,19-06-13,81,38,489,202,225,none
Thursday,4,20-06-13,61,42,455,237,365,none
Friday,5,21-06-13,92,68,488,269,436,promotion
Saturday,6,22-06-13,117,75,477,352,424,none
Sunday,7,23-06-13,86,79,681,292,432,none
Monday,1,24-06-13,78,61,430,212,381,none
Tuesday,2,25-06-13,81,61,440,251,327,none
Wednesday,3,26-06-13,78,51,303,265,195,none
Thursday,4,27-06-13,79,43,429,234,469,none
Friday,5,28-06-13,98,67,632,184,495,none
Saturday,6,29-06-13,80,62,791,204,402,none
Sunday,7,30-06-13,113,82,590,147,489,promotion
Monday,1,01-07-13,76,52,504,347,366,none
Tuesday,2,02-07-13,80,46,546,160,291,none
Wednesday,3,03-07-13,55,47,369,226,359,none
Thursday,4,04-07-13,77,51,393,247,394,none
Friday,5,05-07-13,113,81,848,437,327,promotion
Saturday,6,06-07-13,90,58,550,353,357,none
Sunday,7,07-07-13,98,53,885,244,369,none
Monday,1,08-07-13,60,53,452,279,238,none
Tuesday,2,09-07-13,68,37,562,281,412,none
Wednesday,3,10-07-13,70,55,483,227,506,none
Thursday,4,11-07-13,76,29,393,316,445,none
Friday,5,12-07-13,99,52,572,224,327,none
Saturday,6,13-07-13,93,75,580,295,563,none
Sunday,7,14-07-13,123,71,561,389,566,promotion
Monday,1,15-07-13,77,55,564,172,308,none
Tuesday,2,16-07-13,79,41,379,199,302,none
Wednesday,3,17-07-13,82,40,411,239,236,none
Thursday,4,18-07-13,85,56,448,221,412,none
Friday,5,19-07-13,90,77,611,411,442,none
Saturday,6,20-07-13,65,56,613,303,446,none
Sunday,7,21-07-13,114,66,816,149,409,none
Monday,1,22-07-13,96,54,311,135,365,none
Tuesday,2,23-07-13,80,62,268,284,434,none
Wednesday,3,24-07-13,67,43,629,265,399,none
Thursday,4,25-07-13,76,52,556,265,421,none
Friday,5,26-07-13,101,52,640,224,494,none
Saturday,6,27-07-13,136,76,621,511,751,promotion
Sunday,7,28-07-13,93,48,523,339,381,none
Monday,1,29-07-13,83,61,469,345,402,none
Tuesday,2,30-07-13,77,46,453,250,420,none
Wednesday,3,31-07-13,70,41,506,198,227,none
Thursday,4,01-08-13,74,44,520,268,358,none
Friday,5,02-08-13,96,40,507,307,289,none
Saturday,6,03-08-13,78,47,785,277,548,none
Sunday,7,04-08-13,32,58,478,307,366,none
Monday,1,05-08-13,47,41,391,239,432,none
Tuesday,2,06-08-13,58,50,307,277,284,none
Wednesday,3,07-08-13,67,56,437,198,214,none
Thursday,4,08-08-13,77,62,462,389,418,promotion
Friday,5,09-08-13,90,54,586,186,270,none
Saturday,6,10-08-13,123,81,576,291,653,none
Sunday,7,11-08-13,81,58,752,317,371,none
Monday,1,12-08-13,73,29,309,257,278,none
Tuesday,2,13-08-13,85,44,503,192,302,none
Wednesday,3,14-08-13,63,48,361,263,273,none
Thursday,4,15-08-13,66,57,608,260,433,promotion
Friday,5,16-08-13,86,94,274,351,447,none
Saturday,6,17-08-13,87,65,650,439,349,none
Sunday,7,18-08-13,78,79,639,294,570,none
Monday,1,19-08-13,67,43,370,258,272,none
Tuesday,2,20-08-13,60,51,386,179,409,none
Wednesday,3,21-08-13,95,72,491,326,356,promotion
Thursday,4,22-08-13,88,41,551,223,431,none
Friday,5,23-08-13,68,61,548,191,424,none
Saturday,6,24-08-13,92,54,505,349,359,none
Sunday,7,25-08-13,72,46,522,426,259,none
Monday,1,26-08-13,75,45,366,301,359,none
Tuesday,2,27-08-13,73,48,617,271,180,promotion
Wednesday,3,28-08-13,62,54,507,261,349,promotion
Thursday,4,29-08-13,52,35,420,183,345,none
Friday,5,30-08-13,50,61,427,282,386,none
Saturday,6,31-08-13,118,55,547,173,519,none
Sunday,7,01-09-13,108,46,549,316,576,none
Monday,1,02-09-13,66,32,435,162,339,none
Tuesday,2,03-09-13,56,47,693,214,208,promotion
Wednesday,3,04-09-13,65,46,371,219,428,none
Thursday,4,05-09-13,42,51,522,231,239,none
Friday,5,06-09-13,84,63,336,300,256,none
Saturday,6,07-09-13,79,51,691,357,405,none
Sunday,7,08-09-13,88,41,633,177,340,none
Monday,1,09-09-13,64,49,539,249,331,none
Tuesday,2,10-09-13,93,47,402,138,275,none
Wednesday,3,11-09-13,73,59,460,234,315,none
Thursday,4,12-09-13,80,42,603,274,198,promotion
Friday,5,13-09-13,95,50,626,187,589,none
Saturday,6,14-09-13,89,59,725,184,394,none
Sunday,7,15-09-13,98,79,359,316,415,promotion
Monday,1,16-09-13,67,48,459,247,341,none
Tuesday,2,17-09-13,82,40,364,203,258,none
Wednesday,3,18-09-13,70,48,310,230,305,none
Thursday,4,19-09-13,75,32,509,216,257,none
Friday,5,20-09-13,91,46,387,237,477,none
Saturday,6,21-09-13,109,69,460,199,353,none
Sunday,7,22-09-13,91,53,665,161,209,none
Monday,1,23-09-13,59,42,647,216,394,promotion
Tuesday,2,24-09-13,69,47,437,208,267,none
Wednesday,3,25-09-13,81,52,247,197,359,none
Thursday,4,26-09-13,81,53,397,200,448,none
Friday,5,27-09-13,69,46,598,157,329,none
Saturday,6,28-09-13,68,44,702,330,475,none
Sunday,7,29-09-13,89,57,506,207,374,none
Monday,1,30-09-13,94,46,348,237,438,none
Tuesday,2,01-10-13,79,49,504,87,392,none
Wednesday,3,02-10-13,71,50,528,232,300,none
Thursday,4,03-10-13,75,66,433,342,288,none
Friday,5,04-10-13,98,35,743,167,413,none
Saturday,6,05-10-13,104,91,777,191,534,none
Sunday,7,06-10-13,110,53,796,217,378,none
Monday,1,07-10-13,59,37,551,153,339,none
Tuesday,2,08-10-13,58,41,633,192,375,none
Wednesday,3,09-10-13,86,58,507,172,253,none
Thursday,4,10-10-13,53,51,539,159,470,none
Friday,5,11-10-13,76,48,675,207,319,none
Saturday,6,12-10-13,102,69,624,397,432,promotion
Sunday,7,13-10-13,92,75,726,175,441,none
Monday,1,14-10-13,75,39,480,141,378,none
Tuesday,2,15-10-13,85,60,601,166,394,none
Wednesday,3,16-10-13,60,51,497,191,389,none
Thursday,4,17-10-13,99,41,453,191,349,none
Friday,5,18-10-13,101,57,452,176,325,none
Saturday,6,19-10-13,117,98,688,238,373,promotion
Sunday,7,20-10-13,100,81,630,325,448,promotion
Monday,1,21-10-13,51,50,648,216,324,none
Tuesday,2,22-10-13,84,39,596,213,412,promotion
Wednesday,3,23-10-13,73,46,304,264,348,none
Thursday,4,24-10-13,70,49,514,50,228,none
Friday,5,25-10-13,99,57,413,184,432,none
Saturday,6,26-10-13,102,71,564,213,399,none
Sunday,7,27-10-13,63,42,701,261,462,none
Monday,1,28-10-13,59,42,497,153,204,none
Tuesday,2,29-10-13,66,24,456,232,273,none
Wednesday,3,30-10-13,74,42,444,115,308,none
Thursday,4,31-10-13,66,43,443,221,305,none
Friday,5,01-11-13,48,79,512,167,446,none
Saturday,6,02-11-13,73,55,884,243,343,none
Sunday,7,03-11-13,106,62,348,199,380,none
Monday,1,04-11-13,80,57,485,111,443,none
Tuesday,2,05-11-13,84,38,665,182,363,none
Wednesday,3,06-11-13,67,46,730,169,328,none
Thursday,4,07-11-13,100,41,636,151,478,promotion
Friday,5,08-11-13,113,80,543,230,410,none
Saturday,6,09-11-13,114,67,674,206,545,none
Sunday,7,10-11-13,96,40,568,203,382,none
Monday,1,11-11-13,93,51,446,180,364,none
Tuesday,2,12-11-13,101,34,703,154,346,none
Wednesday,3,13-11-13,79,52,512,123,394,none
Thursday,4,14-11-13,72,53,497,167,302,none
Friday,5,15-11-13,96,51,803,160,365,none
Saturday,6,16-11-13,112,63,855,166,554,none
Sunday,7,17-11-13,121,58,694,175,405,none
Monday,1,18-11-13,73,44,526,197,423,none
Tuesday,2,19-11-13,77,49,513,72,355,none
Wednesday,3,20-11-13,77,41,388,99,289,none
Thursday,4,21-11-13,79,52,443,149,221,none
Friday,5,22-11-13,87,44,692,169,439,none
Saturday,6,23-11-13,141,88,645,340,771,promotion
Sunday,7,24-11-13,82,48,575,203,446,none
Monday,1,25-11-13,64,52,430,200,451,promotion
Tuesday,2,26-11-13,73,58,489,152,275,none
Wednesday,3,27-11-13,85,65,538,111,426,promotion
Thursday,4,28-11-13,81,57,409,104,403,none
Friday,5,29-11-13,97,54,647,182,412,none
Saturday,6,30-11-13,116,51,794,183,399,none
Sunday,7,01-12-13,81,29,694,220,367,none
Monday,1,02-12-13,92,46,358,126,404,none
Tuesday,2,03-12-13,78,41,342,154,428,none
Wednesday,3,04-12-13,71,51,407,155,195,none
Thursday,4,05-12-13,59,61,360,164,336,none
Friday,5,06-12-13,98,56,722,311,441,none
Saturday,6,07-12-13,99,71,684,202,217,none
Sunday,7,08-12-13,84,61,534,178,561,none
Monday,1,09-12-13,86,52,425,103,317,none
Tuesday,2,10-12-13,65,54,557,163,446,promotion
Wednesday,3,11-12-13,67,36,418,148,373,none
Thursday,4,12-12-13,76,53,476,186,346,none
Friday,5,13-12-13,103,66,538,201,391,none
Saturday,6,14-12-13,72,61,681,214,449,none
Sunday,7,15-12-13,82,61,515,259,529,none
Monday,1,16-12-13,84,46,322,148,318,none
Tuesday,2,17-12-13,65,43,487,195,300,none
Wednesday,3,18-12-13,66,51,478,181,317,none
Thursday,4,19-12-13,93,57,704,224,564,promotion
Friday,5,20-12-13,90,62,628,237,408,none
Saturday,6,21-12-13,86,65,613,147,310,none
Sunday,7,22-12-13,100,50,532,175,535,none
Monday,1,23-12-13,58,27,329,133,341,none
Tuesday,2,24-12-13,84,49,476,231,357,none
Wednesday,3,25-12-13,84,63,591,98,286,promotion
Thursday,4,26-12-13,76,47,455,131,337,none
Friday,5,27-12-13,96,50,270,149,384,none
Saturday,6,28-12-13,101,76,658,206,518,none
Sunday,7,29-12-13,114,43,514,180,493,none
Monday,1,30-12-13,85,51,438,157,390,none
Tuesday,2,31-12-13,71,51,506,181,363,none
Wednesday,3,01-01-14,85,52,475,146,331,none
Thursday,4,02-01-14,56,47,461,129,409,none
Friday,5,03-01-14,86,71,752,266,536,none
Saturday,6,04-01-14,51,79,354,282,512,none
Sunday,7,05-01-14,75,64,466,205,288,none
Monday,1,06-01-14,84,62,475,177,379,none
Tuesday,2,07-01-14,84,42,408,126,445,none
Wednesday,3,08-01-14,85,31,653,178,387,none
Thursday,4,09-01-14,78,56,620,203,326,promotion
Friday,5,10-01-14,51,51,661,128,375,none
Saturday,6,11-01-14,122,85,644,235,719,promotion
Sunday,7,12-01-14,123,65,556,187,405,none
Monday,1,13-01-14,71,43,412,70,478,none
Tuesday,2,14-01-14,80,46,375,198,302,none
Wednesday,3,15-01-14,73,33,671,167,513,promotion
Thursday,4,16-01-14,62,38,508,98,332,none
Friday,5,17-01-14,87,52,525,185,406,none
Saturday,6,18-01-14,88,71,661,184,609,none
Sunday,7,19-01-14,95,53,441,152,456,none
Monday,1,20-01-14,89,39,542,174,491,none
Tuesday,2,21-01-14,56,39,393,148,328,none
Wednesday,3,22-01-14,111,51,461,180,218,promotion
Thursday,4,23-01-14,63,43,426,172,459,none
Friday,5,24-01-14,85,62,576,150,466,none
Saturday,6,25-01-14,101,43,714,216,419,none
Sunday,7,26-01-14,93,84,407,238,382,none
Monday,1,27-01-14,94,54,524,224,372,none
Tuesday,2,28-01-14,78,43,425,163,327,none
Wednesday,3,29-01-14,100,50,487,190,343,none
Thursday,4,30-01-14,77,62,459,181,443,none
Friday,5,31-01-14,70,62,500,267,505,none
Saturday,6,01-02-14,98,54,754,186,603,none
Sunday,7,02-02-14,92,70,572,209,506,none
Monday,1,03-02-14,80,71,555,166,284,none
Tuesday,2,04-02-14,58,41,554,176,263,none
Wednesday,3,05-02-14,90,49,407,75,443,none
Thursday,4,06-02-14,79,49,517,102,320,none
Friday,5,07-02-14,73,44,397,136,507,none
Saturday,6,08-02-14,87,72,752,180,568,none
Sunday,7,09-02-14,94,68,546,214,582,none
Monday,1,10-02-14,77,37,462,136,356,none
Tuesday,2,11-02-14,60,57,422,160,376,none
Wednesday,3,12-02-14,99,50,548,204,365,promotion
Thursday,4,13-02-14,63,44,484,128,397,none
Friday,5,14-02-14,89,77,660,176,398,none
Saturday,6,15-02-14,121,63,690,125,493,none
Sunday,7,16-02-14,106,66,340,142,374,none
Monday,1,17-02-14,50,53,495,129,268,promotion
Tuesday,2,18-02-14,47,34,564,173,219,none
Wednesday,3,19-02-14,63,51,442,193,397,none
Thursday,4,20-02-14,77,51,324,151,392,none
Friday,5,21-02-14,111,40,510,205,493,none
Saturday,6,22-02-14,67,73,288,200,561,none
Sunday,7,23-02-14,116,45,458,205,506,none
Monday,1,24-02-14,80,58,680,178,330,none
Tuesday,2,25-02-14,90,50,490,205,399,none
Wednesday,3,26-02-14,79,39,368,165,282,none
Thursday,4,27-02-14,87,24,525,117,428,none
Friday,5,28-02-14,90,51,464,240,495,none
Saturday,6,01-03-14,93,86,684,95,405,none
Sunday,7,02-03-14,87,57,818,217,507,none
Monday,1,03-03-14,97,59,561,167,500,promotion
Tuesday,2,04-03-14,70,38,509,174,361,none
Wednesday,3,05-03-14,72,64,687,178,401,promotion
Thursday,4,06-03-14,69,66,330,162,320,none
Friday,5,07-03-14,113,64,679,137,320,none
Saturday,6,08-03-14,100,64,707,253,368,none
Sunday,7,09-03-14,80,64,593,187,299,none
Monday,1,10-03-14,94,54,505,177,526,promotion
Tuesday,2,11-03-14,78,46,324,126,471,none
Wednesday,3,12-03-14,47,65,562,123,280,none
Thursday,4,13-03-14,96,71,746,162,468,promotion
Friday,5,14-03-14,89,59,776,276,516,none
Saturday,6,15-03-14,72,88,596,209,299,none
Sunday,7,16-03-14,75,60,534,227,366,none
Monday,1,17-03-14,96,38,579,147,486,promotion
Tuesday,2,18-03-14,75,44,552,108,254,none
Wednesday,3,19-03-14,73,46,651,178,448,none
Thursday,4,20-03-14,56,29,414,169,453,none
Friday,5,21-03-14,74,40,752,165,471,none
Saturday,6,22-03-14,116,53,760,243,375,none
Sunday,7,23-03-14,80,61,691,246,492,none
Monday,1,24-03-14,78,58,479,144,245,none
Tuesday,2,25-03-14,59,51,582,197,362,none
Wednesday,3,26-03-14,58,45,519,206,412,none
Thursday,4,27-03-14,80,55,461,194,286,none
Friday,5,28-03-14,122,45,561,201,548,none
Saturday,6,29-03-14,98,42,581,186,434,none
Sunday,7,30-03-14,97,60,519,127,397,promotion
Monday,1,31-03-14,74,53,446,206,346,none
Tuesday,2,01-04-14,85,38,420,203,352,none
Wednesday,3,02-04-14,76,57,378,186,262,none
Thursday,4,03-04-14,74,53,530,164,382,none
Friday,5,04-04-14,108,66,522,224,465,none
Saturday,6,05-04-14,109,57,698,286,499,none
Sunday,7,06-04-14,96,46,535,257,531,none
Monday,1,07-04-14,78,54,541,202,440,none
Tuesday,2,08-04-14,61,41,435,162,205,none
Wednesday,3,09-04-14,52,34,437,219,348,none
Thursday,4,10-04-14,88,43,529,182,306,none
Friday,5,11-04-14,107,51,603,199,519,none
Saturday,6,12-04-14,94,53,520,181,592,none
Sunday,7,13-04-14,123,42,624,256,288,none
Monday,1,14-04-14,90,58,398,175,258,none
Tuesday,2,15-04-14,40,48,597,247,214,none
Wednesday,3,16-04-14,86,28,516,203,307,none
Thursday,4,17-04-14,89,57,397,183,409,none
Friday,5,18-04-14,80,59,548,218,224,none
Saturday,6,19-04-14,109,66,499,291,577,none
Sunday,7,20-04-14,86,46,545,265,519,none
Monday,1,21-04-14,85,65,610,115,410,none
Tuesday,2,22-04-14,71,56,448,320,135,none
Wednesday,3,23-04-14,100,35,530,215,339,none
Thursday,4,24-04-14,83,46,421,210,338,none
Friday,5,25-04-14,99,44,424,177,567,none
Saturday,6,26-04-14,110,37,603,311,633,none
Sunday,7,27-04-14,125,44,761,147,344,none
Monday,1,28-04-14,73,59,529,173,297,none
Tuesday,2,29-04-14,85,44,456,143,438,none
Wednesday,3,30-04-14,82,31,488,93,396,none
Thursday,4,01-05-14,65,52,552,270,379,promotion
Friday,5,02-05-14,112,66,523,136,324,none
Saturday,6,03-05-14,122,49,690,449,279,none
Sunday,7,04-05-14,86,36,670,334,275,none
Monday,1,05-05-14,75,43,460,202,174,none
Tuesday,2,06-05-14,98,26,456,205,175,none
Wednesday,3,07-05-14,73,57,529,302,271,none
Thursday,4,08-05-14,77,39,397,288,401,none
Friday,5,09-05-14,90,64,559,249,371,none
Saturday,6,10-05-14,150,77,718,271,505,none
Sunday,7,11-05-14,81,67,629,184,377,none
Monday,1,12-05-14,77,31,401,120,421,none
Tuesday,2,13-05-14,105,44,484,196,338,none
Wednesday,3,14-05-14,101,40,686,231,322,promotion
Thursday,4,15-05-14,87,45,545,128,488,promotion
Friday,5,16-05-14,90,47,250,235,243,none
Saturday,6,17-05-14,94,66,649,357,562,promotion
Sunday,7,18-05-14,106,60,466,267,458,none
Monday,1,19-05-14,70,67,275,260,308,none
Tuesday,2,20-05-14,86,45,364,243,446,none
Wednesday,3,21-05-14,78,59,627,313,411,promotion
Thursday,4,22-05-14,83,54,447,244,295,none
Friday,5,23-05-14,106,50,837,159,370,none
Saturday,6,24-05-14,118,41,296,145,346,none
Sunday,7,25-05-14,97,59,556,255,240,none
Monday,1,26-05-14,106,28,606,181,345,none
Tuesday,2,27-05-14,75,48,480,145,418,none
Wednesday,3,28-05-14,82,46,484,279,444,promotion
Thursday,4,29-05-14,77,42,568,150,232,none
Friday,5,30-05-14,107,54,659,280,420,promotion
Saturday,6,31-05-14,90,75,738,314,312,promotion
Sunday,7,01-06-14,114,42,706,325,494,none
Monday,1,02-06-14,45,34,374,303,326,none
Tuesday,2,03-06-14,85,48,451,323,431,none
Wednesday,3,04-06-14,52,54,551,323,290,none
Thursday,4,05-06-14,90,56,504,271,401,none
Friday,5,06-06-14,112,86,804,440,357,none
Saturday,6,07-06-14,92,70,602,281,460,none
Sunday,7,08-06-14,93,59,517,341,400,none
Monday,1,09-06-14,79,31,445,210,448,none
Tuesday,2,10-06-14,58,34,526,288,458,none
Wednesday,3,11-06-14,103,43,449,288,443,none
Thursday,4,12-06-14,75,50,360,264,371,none
Friday,5,13-06-14,100,51,552,302,497,none
Saturday,6,14-06-14,106,95,896,213,555,promotion
Sunday,7,15-06-14,115,66,512,318,536,none
Monday,1,16-06-14,68,33,453,218,359,none
Tuesday,2,17-06-14,89,39,404,333,340,none
Wednesday,3,18-06-14,89,59,311,237,329,none
Thursday,4,19-06-14,83,48,403,181,494,none
Friday,5,20-06-14,108,79,575,347,283,none
Saturday,6,21-06-14,57,66,794,400,446,none
Sunday,7,22-06-14,139,75,693,320,487,none
Monday,1,23-06-14,52,47,430,212,291,none
Tuesday,2,24-06-14,62,46,447,196,379,none
Wednesday,3,25-06-14,91,61,514,244,302,none
Thursday,4,26-06-14,82,37,375,207,380,none
Friday,5,27-06-14,84,50,376,318,470,none
Saturday,6,28-06-14,88,66,640,253,405,none
Sunday,7,29-06-14,99,62,568,288,497,none
Monday,1,30-06-14,79,51,398,285,342,none
Tuesday,2,01-07-14,88,32,502,197,310,none
Wednesday,3,02-07-14,59,51,471,339,338,none
Thursday,4,03-07-14,61,32,493,225,484,none
Friday,5,04-07-14,81,66,590,386,483,none
Saturday,6,05-07-14,124,56,693,393,219,none
Sunday,7,06-07-14,107,69,1152,420,499,promotion
Monday,1,07-07-14,52,52,526,247,246,none
Tuesday,2,08-07-14,69,36,490,336,448,none
Wednesday,3,09-07-14,96,31,481,125,252,promotion
Thursday,4,10-07-14,89,72,609,252,402,promotion
Friday,5,11-07-14,54,60,468,195,532,none
Saturday,6,12-07-14,133,38,535,322,521,none
Sunday,7,13-07-14,105,48,634,265,324,none
Monday,1,14-07-14,63,49,537,378,330,none
Tuesday,2,15-07-14,104,34,541,370,314,none
Wednesday,3,16-07-14,81,45,338,243,352,none
Thursday,4,17-07-14,42,38,396,317,395,none
Friday,5,18-07-14,116,66,538,335,334,none
Saturday,6,19-07-14,82,56,555,407,490,none
Sunday,7,20-07-14,103,57,590,344,562,none
Monday,1,21-07-14,85,57,490,238,257,none
Tuesday,2,22-07-14,58,43,435,224,398,none
Wednesday,3,23-07-14,63,48,479,311,388,none
Thursday,4,24-07-14,84,53,449,281,316,none
Friday,5,25-07-14,119,56,743,298,135,none
Saturday,6,26-07-14,107,54,438,191,458,none
Sunday,7,27-07-14,122,69,662,298,500,none
Monday,1,28-07-14,61,45,406,305,396,none
Tuesday,2,29-07-14,77,49,392,244,316,none
Wednesday,3,30-07-14,59,50,554,172,440,none
Thursday,4,31-07-14,90,68,561,305,272,promotion
Friday,5,01-08-14,89,59,671,290,421,none
Saturday,6,02-08-14,74,47,707,465,406,none
Sunday,7,03-08-14,87,53,451,412,561,none
Monday,1,04-08-14,85,59,435,262,428,none
Tuesday,2,05-08-14,96,52,533,254,539,promotion
Wednesday,3,06-08-14,80,35,295,299,428,none
Thursday,4,07-08-14,64,31,477,146,443,none
Friday,5,08-08-14,80,90,559,468,486,promotion
Saturday,6,09-08-14,105,73,789,336,504,none
Sunday,7,10-08-14,115,54,714,235,441,none
Monday,1,11-08-14,95,49,548,304,308,none
Tuesday,2,12-08-14,81,32,353,200,347,none
Wednesday,3,13-08-14,73,63,445,274,317,none
Thursday,4,14-08-14,95,56,401,237,416,none
Friday,5,15-08-14,100,67,483,328,475,none
Saturday,6,16-08-14,98,47,655,460,578,promotion
Sunday,7,17-08-14,102,49,559,247,450,none
Monday,1,18-08-14,85,55,571,209,249,none
Tuesday,2,19-08-14,79,51,530,280,334,none
Wednesday,3,20-08-14,84,64,482,146,294,none
Thursday,4,21-08-14,88,26,429,186,435,none
Friday,5,22-08-14,92,32,578,278,478,none
Saturday,6,23-08-14,127,78,701,311,418,none
Sunday,7,24-08-14,126,86,560,551,546,promotion
Monday,1,25-08-14,78,52,623,327,445,none
Tuesday,2,26-08-14,69,68,502,212,499,none
Wednesday,3,27-08-14,90,40,490,333,393,none
Thursday,4,28-08-14,86,52,552,277,365,none
Friday,5,29-08-14,99,45,576,353,442,promotion
Saturday,6,30-08-14,74,59,886,250,615,none
Sunday,7,31-08-14,137,58,698,385,581,promotion
Monday,1,01-09-14,90,52,351,221,229,none
Tuesday,2,02-09-14,108,71,555,212,322,promotion
Wednesday,3,03-09-14,82,46,634,133,333,none
Thursday,4,04-09-14,82,34,445,211,214,none
Friday,5,05-09-14,124,82,759,204,426,none
Saturday,6,06-09-14,90,80,465,312,355,none
Sunday,7,07-09-14,85,42,511,298,303,none
Monday,1,08-09-14,70,40,467,140,219,none
Tuesday,2,09-09-14,94,40,681,210,458,none
Wednesday,3,10-09-14,51,46,570,172,347,none
Thursday,4,11-09-14,96,52,294,173,214,none
Friday,5,12-09-14,105,60,788,157,416,none
Saturday,6,13-09-14,90,95,422,189,443,none
Sunday,7,14-09-14,72,62,576,206,486,none
Monday,1,15-09-14,86,29,575,288,335,none
Tuesday,2,16-09-14,99,37,397,200,360,none
Wednesday,3,17-09-14,68,55,395,198,442,none
Thursday,4,18-09-14,43,48,441,251,420,none
Friday,5,19-09-14,104,68,697,306,334,none
Saturday,6,20-09-14,142,87,555,230,638,promotion
Sunday,7,21-09-14,113,54,656,216,601,none
Monday,1,22-09-14,68,63,494,256,422,none
Tuesday,2,23-09-14,67,60,370,270,374,none
Wednesday,3,24-09-14,96,43,590,248,281,none
Thursday,4,25-09-14,95,34,501,180,526,none
Friday,5,26-09-14,102,53,514,279,338,none
Saturday,6,27-09-14,99,49,769,275,537,none
Sunday,7,28-09-14,81,64,697,138,293,none
Monday,1,29-09-14,106,43,600,161,435,none
Tuesday,2,30-09-14,66,40,626,125,361,none
Wednesday,3,01-10-14,87,48,440,193,306,none
Thursday,4,02-10-14,76,29,535,240,402,none
Friday,5,03-10-14,96,71,631,267,274,none
Saturday,6,04-10-14,102,77,444,230,687,none
Sunday,7,05-10-14,113,53,689,272,617,none
Monday,1,06-10-14,84,61,585,148,397,none
Tuesday,2,07-10-14,75,51,482,176,241,none
Wednesday,3,08-10-14,74,22,376,184,461,none
Thursday,4,09-10-14,62,65,625,206,253,none
Friday,5,10-10-14,86,63,514,225,329,none
Saturday,6,11-10-14,85,58,540,269,491,none
Sunday,7,12-10-14,80,76,385,223,233,none
Monday,1,13-10-14,63,52,637,209,317,none
Tuesday,2,14-10-14,65,49,590,147,366,none
Wednesday,3,15-10-14,70,45,532,259,346,none
Thursday,4,16-10-14,103,28,569,314,433,none
Friday,5,17-10-14,117,45,527,128,567,none
Saturday,6,18-10-14,134,84,941,196,461,none
Sunday,7,19-10-14,79,63,658,196,459,promotion
Monday,1,20-10-14,106,42,584,141,303,none
Tuesday,2,21-10-14,90,44,508,219,233,none
Wednesday,3,22-10-14,78,53,403,243,442,none
Thursday,4,23-10-14,82,46,754,202,376,none
Friday,5,24-10-14,110,78,403,223,543,none
Saturday,6,25-10-14,95,72,582,253,323,none
Sunday,7,26-10-14,93,69,554,271,343,none
Monday,1,27-10-14,74,46,488,194,347,none
Tuesday,2,28-10-14,100,50,528,120,411,none
Wednesday,3,29-10-14,59,37,290,123,301,none
Thursday,4,30-10-14,82,41,414,235,482,none
Friday,5,31-10-14,89,82,552,234,426,none
Saturday,6,01-11-14,119,71,840,233,758,none
Sunday,7,02-11-14,123,68,860,174,427,none
Monday,1,03-11-14,97,38,377,119,433,none
Tuesday,2,04-11-14,74,58,358,165,214,none
Wednesday,3,05-11-14,49,49,613,175,306,none
Thursday,4,06-11-14,97,39,636,109,316,none
Friday,5,07-11-14,76,69,614,209,521,none
Saturday,6,08-11-14,124,78,803,256,404,none
Sunday,7,09-11-14,59,64,722,182,329,none
Monday,1,10-11-14,75,54,456,120,253,none
Tuesday,2,11-11-14,72,33,473,147,295,promotion
Wednesday,3,12-11-14,97,62,489,155,210,none
Thursday,4,13-11-14,87,38,425,166,298,none
Friday,5,14-11-14,96,71,602,217,376,none
Saturday,6,15-11-14,125,88,744,267,500,none
Sunday,7,16-11-14,87,89,649,193,391,none
Monday,1,17-11-14,69,44,549,151,289,none
Tuesday,2,18-11-14,84,47,497,164,214,none
Wednesday,3,19-11-14,90,33,584,106,279,none
Thursday,4,20-11-14,62,46,512,85,222,none
Friday,5,21-11-14,66,64,720,147,535,none
Saturday,6,22-11-14,115,66,745,316,494,none
Sunday,7,23-11-14,69,53,594,144,591,none
Monday,1,24-11-14,93,46,465,186,435,promotion
Tuesday,2,25-11-14,77,49,432,151,356,none
Wednesday,3,26-11-14,102,61,558,132,331,none
Thursday,4,27-11-14,63,52,561,92,278,none
Friday,5,28-11-14,87,55,601,201,471,none
Saturday,6,29-11-14,93,56,746,135,332,none
Sunday,7,30-11-14,77,53,401,190,518,none
Monday,1,01-12-14,92,56,629,104,409,none
Tuesday,2,02-12-14,83,55,464,128,396,none
Wednesday,3,03-12-14,71,46,465,142,236,none
Thursday,4,04-12-14,52,56,385,201,328,none
Friday,5,05-12-14,98,63,582,198,444,none
Saturday,6,06-12-14,114,52,657,277,392,none
Sunday,7,07-12-14,87,50,685,129,488,none
Monday,1,08-12-14,70,54,577,149,228,none
Tuesday,2,09-12-14,110,68,716,239,444,promotion
Wednesday,3,10-12-14,86,49,533,220,345,none
Thursday,4,11-12-14,55,63,566,239,306,none
Friday,5,12-12-14,106,64,686,96,410,none
Saturday,6,13-12-14,143,93,594,342,639,none
Sunday,7,14-12-14,100,67,707,243,277,none
Monday,1,15-12-14,101,39,423,167,305,none
Tuesday,2,16-12-14,76,63,581,202,347,none
Wednesday,3,17-12-14,38,40,489,96,433,none
Thursday,4,18-12-14,90,52,387,129,378,none
Friday,5,19-12-14,80,68,532,236,441,none
Saturday,6,20-12-14,140,62,657,292,473,none
Sunday,7,21-12-14,68,49,391,148,563,none
Monday,1,22-12-14,73,71,381,171,368,none
Tuesday,2,23-12-14,71,43,419,155,352,none
Wednesday,3,24-12-14,55,28,647,206,305,none
Thursday,4,25-12-14,90,51,650,115,216,none
Friday,5,26-12-14,88,67,663,182,375,none
Saturday,6,27-12-14,113,74,600,207,528,none
Sunday,7,28-12-14,88,82,601,156,427,none
Monday,1,29-12-14,115,48,555,252,338,promotion
Tuesday,2,30-12-14,84,43,555,160,339,none
Wednesday,3,31-12-14,87,64,337,151,322,none
Thursday,4,01-01-15,88,39,281,155,407,none
Friday,5,02-01-15,97,35,575,131,420,none
Saturday,6,03-01-15,104,48,742,175,536,none
Sunday,7,04-01-15,85,76,394,196,530,none
Monday,1,05-01-15,87,52,335,116,362,none
Tuesday,2,06-01-15,82,43,458,146,295,none
Wednesday,3,07-01-15,96,49,400,173,246,none
Thursday,4,08-01-15,94,43,570,185,445,none
Friday,5,09-01-15,90,54,526,186,400,none
Saturday,6,10-01-15,111,64,641,198,570,none
Sunday,7,11-01-15,109,67,614,163,451,none
Monday,1,12-01-15,76,51,410,166,411,none
Tuesday,2,13-01-15,75,50,484,143,408,none
Wednesday,3,14-01-15,68,41,596,132,345,none
Thursday,4,15-01-15,81,41,491,167,282,none
Friday,5,16-01-15,110,38,668,148,476,none
Saturday,6,17-01-15,129,66,759,190,309,none
Sunday,7,18-01-15,79,58,580,208,284,none
Monday,1,19-01-15,76,41,381,125,410,none
Tuesday,2,20-01-15,60,40,322,111,294,none
Wednesday,3,21-01-15,87,38,559,119,375,none
Thursday,4,22-01-15,80,52,466,154,315,none
Friday,5,23-01-15,98,73,778,187,417,none
Saturday,6,24-01-15,92,56,702,215,448,none
Sunday,7,25-01-15,109,75,325,193,511,none
Monday,1,26-01-15,58,63,443,188,346,none
Tuesday,2,27-01-15,62,35,423,169,319,none
Wednesday,3,28-01-15,83,39,373,173,411,none
Thursday,4,29-01-15,51,57,568,100,463,none
Friday,5,30-01-15,74,48,629,185,421,none
Saturday,6,31-01-15,116,59,595,184,434,none
Sunday,7,01-02-15,107,72,412,175,424,none
Monday,1,02-02-15,63,40,513,165,375,none
Tuesday,2,03-02-15,86,37,308,138,312,none
Wednesday,3,04-02-15,87,61,521,167,337,none
Thursday,4,05-02-15,72,42,578,132,448,none
Friday,5,06-02-15,89,77,883,189,356,none
Saturday,6,07-02-15,110,67,713,219,397,none
Sunday,7,08-02-15,90,53,845,205,319,none
Monday,1,09-02-15,96,43,499,179,229,none
Tuesday,2,10-02-15,53,54,565,240,435,none
Wednesday,3,11-02-15,71,50,463,150,429,none
Thursday,4,12-02-15,107,67,576,119,376,promotion
Friday,5,13-02-15,89,41,594,205,428,none
Saturday,6,14-02-15,105,64,764,208,712,none
Sunday,7,15-02-15,117,54,387,166,303,none
Monday,1,16-02-15,86,54,525,151,392,none
Tuesday,2,17-02-15,84,43,629,140,406,none
Wednesday,3,18-02-15,88,46,530,119,387,none
Thursday,4,19-02-15,102,52,460,216,486,none
Friday,5,20-02-15,108,70,684,170,518,promotion
Saturday,6,21-02-15,146,56,634,180,393,none
Sunday,7,22-02-15,75,31,459,124,453,none
Monday,1,23-02-15,104,35,552,114,334,none
Tuesday,2,24-02-15,83,53,538,145,358,promotion
Wednesday,3,25-02-15,55,45,621,191,257,none
Thursday,4,26-02-15,102,53,365,190,333,none
Friday,5,27-02-15,101,77,584,229,335,none
Saturday,6,28-02-15,115,73,670,225,389,none
Sunday,7,01-03-15,100,54,648,217,522,none
Monday,1,02-03-15,116,47,492,193,247,none
Tuesday,2,03-03-15,37,41,419,199,453,none
Wednesday,3,04-03-15,85,47,393,166,241,none
Thursday,4,05-03-15,61,54,568,123,342,none
Friday,5,06-03-15,124,66,674,235,492,none
Saturday,6,07-03-15,101,84,581,221,539,none
Sunday,7,08-03-15,77,77,614,237,208,none
Monday,1,09-03-15,98,43,451,165,426,promotion
Tuesday,2,10-03-15,83,49,508,145,448,none
Wednesday,3,11-03-15,51,48,397,127,317,none
Thursday,4,12-03-15,70,54,492,171,597,none
Friday,5,13-03-15,78,49,463,150,244,none
Saturday,6,14-03-15,119,89,751,153,412,none
Sunday,7,15-03-15,77,48,475,212,458,none
Monday,1,16-03-15,78,54,597,297,380,promotion
Tuesday,2,17-03-15,52,77,448,213,397,promotion
Wednesday,3,18-03-15,71,57,470,230,164,none
Thursday,4,19-03-15,88,43,530,194,416,none
Friday,5,20-03-15,108,89,585,250,558,none
Saturday,6,21-03-15,94,72,696,276,319,none
Sunday,7,22-03-15,97,46,708,174,389,none
Monday,1,23-03-15,54,45,380,161,330,none
Tuesday,2,24-03-15,67,48,435,138,272,none
Wednesday,3,25-03-15,67,63,348,199,251,none
Thursday,4,26-03-15,78,56,523,118,367,none
Friday,5,27-03-15,94,66,726,149,608,none
Saturday,6,28-03-15,109,64,686,244,609,none
Sunday,7,29-03-15,127,56,257,236,446,none
Monday,1,30-03-15,93,55,547,234,427,promotion
Tuesday,2,31-03-15,81,39,361,122,429,none
Wednesday,3,01-04-15,74,41,457,297,259,none
Thursday,4,02-04-15,73,40,482,199,359,none
Friday,5,03-04-15,88,41,744,222,584,none
Saturday,6,04-04-15,84,36,711,326,481,none
Sunday,7,05-04-15,71,53,541,294,564,none
Monday,1,06-04-15,48,33,584,211,232,none
Tuesday,2,07-04-15,92,44,576,212,441,none
Wednesday,3,08-04-15,74,71,427,194,520,none
Thursday,4,09-04-15,96,54,521,140,316,none
Friday,5,10-04-15,94,72,324,239,385,none
Saturday,6,11-04-15,87,38,701,291,503,none
Sunday,7,12-04-15,86,61,658,183,540,none
Monday,1,13-04-15,48,44,485,196,269,none
Tuesday,2,14-04-15,67,50,575,145,309,none
Wednesday,3,15-04-15,70,55,354,104,212,none
Thursday,4,16-04-15,73,48,616,188,357,none
Friday,5,17-04-15,98,68,657,243,431,none
Saturday,6,18-04-15,110,72,760,330,431,none
Sunday,7,19-04-15,112,53,481,231,553,none
Monday,1,20-04-15,64,48,559,206,454,none
Tuesday,2,21-04-15,86,47,362,277,484,none
Wednesday,3,22-04-15,84,65,511,200,342,none
Thursday,4,23-04-15,83,57,682,301,308,none
Friday,5,24-04-15,137,68,517,240,398,none
Saturday,6,25-04-15,85,67,705,175,407,none
Sunday,7,26-04-15,112,66,465,237,393,none
Monday,1,27-04-15,71,69,435,162,280,none
Tuesday,2,28-04-15,90,52,444,160,291,none
Wednesday,3,29-04-15,81,62,488,253,542,none
Thursday,4,30-04-15,77,39,328,252,275,none
Friday,5,01-05-15,85,47,571,290,533,none
Saturday,6,02-05-15,111,58,760,171,451,none
Sunday,7,03-05-15,84,58,691,326,553,promotion
Monday,1,04-05-15,77,37,320,244,262,none
Tuesday,2,05-05-15,90,48,556,223,412,none
Wednesday,3,06-05-15,83,51,501,183,341,none
Thursday,4,07-05-15,97,44,699,153,290,none
Friday,5,08-05-15,96,45,744,313,480,none
Saturday,6,09-05-15,113,58,917,351,323,none
Sunday,7,10-05-15,51,52,678,330,268,none
Monday,1,11-05-15,92,50,487,282,615,promotion
Tuesday,2,12-05-15,107,45,444,287,286,none
Wednesday,3,13-05-15,59,51,598,262,177,none
Thursday,4,14-05-15,107,64,642,221,395,none
Friday,5,15-05-15,138,60,704,174,160,none
Saturday,6,16-05-15,103,66,487,283,543,none
Sunday,7,17-05-15,108,65,277,310,251,none
Monday,1,18-05-15,67,51,300,249,460,none
Tuesday,2,19-05-15,73,57,340,236,413,none
Wednesday,3,20-05-15,74,44,423,65,278,none
Thursday,4,21-05-15,54,22,457,266,303,none
Friday,5,22-05-15,108,57,665,334,303,none
Saturday,6,23-05-15,165,69,736,312,550,promotion
Sunday,7,24-05-15,82,68,768,185,570,none
Monday,1,25-05-15,102,61,569,159,366,promotion
Tuesday,2,26-05-15,91,49,391,97,261,none
Wednesday,3,27-05-15,94,30,543,219,506,none
Thursday,4,28-05-15,90,50,546,212,380,none
Friday,5,29-05-15,110,65,759,263,489,none
Saturday,6,30-05-15,99,54,716,419,429,none
Sunday,7,31-05-15,81,56,525,233,621,none
Monday,1,01-06-15,56,29,398,336,261,none
Tuesday,2,02-06-15,58,37,428,259,510,none
Wednesday,3,03-06-15,63,39,539,244,350,none
Thursday,4,04-06-15,88,43,623,316,314,none
Friday,5,05-06-15,115,75,750,290,367,none
Saturday,6,06-06-15,89,87,684,434,459,none
Sunday,7,07-06-15,118,55,563,181,462,none
Monday,1,08-06-15,97,53,394,316,386,none
Tuesday,2,09-06-15,115,39,553,326,499,promotion
Wednesday,3,10-06-15,55,52,453,241,300,none
Thursday,4,11-06-15,89,59,515,281,373,none
Friday,5,12-06-15,95,63,625,274,370,none
Saturday,6,13-06-15,118,42,638,260,634,none
Sunday,7,14-06-15,113,67,477,227,349,none
Monday,1,15-06-15,82,54,548,276,369,none
Tuesday,2,16-06-15,65,37,622,351,228,promotion
Wednesday,3,17-06-15,81,61,548,381,440,none
Thursday,4,18-06-15,104,49,519,271,323,none
Friday,5,19-06-15,115,57,621,331,521,none
Saturday,6,20-06-15,136,61,600,377,480,none
Sunday,7,21-06-15,118,67,595,241,349,none
Monday,1,22-06-15,59,61,551,249,318,none
Tuesday,2,23-06-15,80,54,505,276,395,none
Wednesday,3,24-06-15,101,59,469,186,201,none
Thursday,4,25-06-15,76,35,501,157,325,none
Friday,5,26-06-15,90,64,602,317,434,none
Saturday,6,27-06-15,106,41,390,251,451,none
Sunday,7,28-06-15,116,64,364,232,365,none
Monday,1,29-06-15,85,46,395,283,291,none
Tuesday,2,30-06-15,65,62,442,361,329,none
Wednesday,3,01-07-15,85,25,397,256,394,none
Thursday,4,02-07-15,76,39,415,368,233,none
Friday,5,03-07-15,114,61,514,269,476,none
Saturday,6,04-07-15,121,58,814,162,306,none
Sunday,7,05-07-15,126,59,606,337,555,promotion
Monday,1,06-07-15,74,45,699,290,359,none
Tuesday,2,07-07-15,73,57,645,238,368,none
Wednesday,3,08-07-15,79,56,521,252,344,none
Thursday,4,09-07-15,81,50,383,274,378,none
Friday,5,10-07-15,74,66,564,421,621,none
Saturday,6,11-07-15,126,64,868,477,505,promotion
Sunday,7,12-07-15,107,38,640,354,482,none
Monday,1,13-07-15,97,44,366,233,313,none
Tuesday,2,14-07-15,91,69,525,308,167,none
Wednesday,3,15-07-15,67,36,373,258,402,none
Thursday,4,16-07-15,61,42,581,232,491,none
Friday,5,17-07-15,114,60,627,387,734,promotion
Saturday,6,18-07-15,105,33,635,214,516,none
Sunday,7,19-07-15,113,72,688,302,397,none
Monday,1,20-07-15,97,46,388,205,388,none
Tuesday,2,21-07-15,65,42,473,220,469,none
Wednesday,3,22-07-15,94,44,475,232,514,none
Thursday,4,23-07-15,65,54,487,265,287,none
Friday,5,24-07-15,130,56,678,301,543,none
Saturday,6,25-07-15,114,73,623,361,534,none
Sunday,7,26-07-15,82,61,526,514,386,none
Monday,1,27-07-15,92,48,615,211,344,none
Tuesday,2,28-07-15,51,50,493,307,338,none
Wednesday,3,29-07-15,94,69,473,386,378,promotion
Thursday,4,30-07-15,87,43,334,229,441,none
Friday,5,31-07-15,47,55,538,293,272,none
Saturday,6,01-08-15,109,81,538,417,556,none
Sunday,7,02-08-15,77,54,340,356,251,none
Monday,1,03-08-15,69,59,595,261,309,promotion
Tuesday,2,04-08-15,67,48,612,200,466,none
Wednesday,3,05-08-15,69,47,544,320,438,none
Thursday,4,06-08-15,103,61,460,212,375,none
Friday,5,07-08-15,86,46,749,416,404,promotion
Saturday,6,08-08-15,61,67,662,326,417,none
Sunday,7,09-08-15,114,73,526,357,403,none
Monday,1,10-08-15,43,46,419,259,311,none
Tuesday,2,11-08-15,86,33,380,308,446,none
Wednesday,3,12-08-15,57,39,398,161,356,none
Thursday,4,13-08-15,74,45,539,246,504,none
Friday,5,14-08-15,122,56,496,241,422,none
Saturday,6,15-08-15,119,59,470,249,401,none
Sunday,7,16-08-15,95,57,570,248,406,none
Monday,1,17-08-15,100,55,643,105,470,promotion
Tuesday,2,18-08-15,91,56,656,295,428,none
Wednesday,3,19-08-15,64,48,702,239,225,none
Thursday,4,20-08-15,81,53,534,221,308,none
Friday,5,21-08-15,100,76,787,275,277,none
Saturday,6,22-08-15,71,69,913,272,404,none
Sunday,7,23-08-15,88,85,846,265,607,none
Monday,1,24-08-15,74,53,588,261,323,promotion
Tuesday,2,25-08-15,103,58,474,382,526,none
Wednesday,3,26-08-15,66,37,669,316,442,promotion
Thursday,4,27-08-15,87,51,381,304,348,none
Friday,5,28-08-15,81,67,657,441,432,promotion
Saturday,6,29-08-15,144,65,695,378,611,none
Sunday,7,30-08-15,147,74,692,335,343,none
Monday,1,31-08-15,84,57,484,208,430,none
Tuesday,2,01-09-15,78,37,415,272,386,none
Wednesday,3,02-09-15,91,50,577,159,403,none
Thursday,4,03-09-15,72,65,536,131,390,none
Friday,5,04-09-15,92,42,686,333,409,none
Saturday,6,05-09-15,104,74,619,191,545,none
Sunday,7,06-09-15,116,51,785,277,525,none
Monday,1,07-09-15,66,47,593,134,316,none
Tuesday,2,08-09-15,54,48,584,235,230,none
Wednesday,3,09-09-15,71,29,576,211,304,none
Thursday,4,10-09-15,101,38,656,124,500,none
Friday,5,11-09-15,132,61,640,228,254,none
Saturday,6,12-09-15,115,72,777,299,334,none
Sunday,7,13-09-15,108,66,762,251,509,none
Monday,1,14-09-15,76,38,543,139,417,none
Tuesday,2,15-09-15,129,42,746,243,463,promotion
Wednesday,3,16-09-15,70,36,434,182,206,none
Thursday,4,17-09-15,81,59,399,222,460,none
Friday,5,18-09-15,109,29,621,176,453,none
Saturday,6,19-09-15,117,77,818,377,495,promotion
Sunday,7,20-09-15,88,76,651,244,451,none
Monday,1,21-09-15,153,62,545,258,528,promotion
Tuesday,2,22-09-15,78,46,510,202,410,none
Wednesday,3,23-09-15,79,53,618,250,351,none
Thursday,4,24-09-15,101,57,532,205,368,none
Friday,5,25-09-15,98,51,445,143,547,none
Saturday,6,26-09-15,94,79,977,315,557,none
Sunday,7,27-09-15,109,62,718,140,431,none
Monday,1,28-09-15,70,44,462,217,272,none
Tuesday,2,29-09-15,64,44,369,143,260,none
Wednesday,3,30-09-15,77,63,636,174,253,none
Thursday,4,01-10-15,86,44,602,267,436,none
Friday,5,02-10-15,138,71,635,260,387,promotion
Saturday,6,03-10-15,113,63,966,268,634,none
Sunday,7,04-10-15,85,68,682,208,450,none
Monday,1,05-10-15,71,39,653,262,424,none
Tuesday,2,06-10-15,69,49,275,150,456,none
Wednesday,3,07-10-15,81,40,849,243,348,none
Thursday,4,08-10-15,70,32,534,230,246,none
Friday,5,09-10-15,92,91,719,216,685,promotion
Saturday,6,10-10-15,105,71,567,338,475,none
Sunday,7,11-10-15,141,38,515,290,453,none
Monday,1,12-10-15,50,33,470,234,372,none
Tuesday,2,13-10-15,61,44,539,228,354,none
Wednesday,3,14-10-15,115,45,537,176,448,promotion
Thursday,4,15-10-15,82,42,549,192,492,none
Friday,5,16-10-15,124,84,573,261,463,none
Saturday,6,17-10-15,70,76,566,349,686,none
Sunday,7,18-10-15,119,82,584,269,543,none
Monday,1,19-10-15,69,37,589,187,298,none
Tuesday,2,20-10-15,67,38,650,161,337,none
Wednesday,3,21-10-15,90,47,386,203,316,none
Thursday,4,22-10-15,94,64,506,235,316,none
Friday,5,23-10-15,108,45,826,275,361,none
Saturday,6,24-10-15,63,82,689,275,370,none
Sunday,7,25-10-15,86,87,465,280,528,none
Monday,1,26-10-15,91,62,386,110,379,none
Tuesday,2,27-10-15,97,44,310,137,287,none
Wednesday,3,28-10-15,69,54,358,176,531,none
Thursday,4,29-10-15,93,61,581,73,303,none
Friday,5,30-10-15,91,77,348,258,345,none
Saturday,6,31-10-15,135,52,441,221,340,none
Sunday,7,01-11-15,88,80,981,123,417,promotion
Monday,1,02-11-15,74,39,462,149,286,none
Tuesday,2,03-11-15,81,48,403,138,419,none
Wednesday,3,04-11-15,82,37,452,160,234,none
Thursday,4,05-11-15,73,38,514,223,344,none
Friday,5,06-11-15,83,57,533,245,469,none
Saturday,6,07-11-15,105,73,612,166,333,none
Sunday,7,08-11-15,75,62,646,189,473,promotion
Monday,1,09-11-15,118,46,523,247,336,promotion
Tuesday,2,10-11-15,85,66,713,172,404,none
Wednesday,3,11-11-15,96,38,628,157,237,none
Thursday,4,12-11-15,92,52,485,142,271,none
Friday,5,13-11-15,96,48,614,169,265,none
Saturday,6,14-11-15,132,35,792,147,580,none
Sunday,7,15-11-15,115,32,529,83,425,none
Monday,1,16-11-15,96,66,472,172,480,promotion
Tuesday,2,17-11-15,95,45,699,165,572,none
Wednesday,3,18-11-15,59,59,375,180,436,none
Thursday,4,19-11-15,86,63,384,115,369,none
Friday,5,20-11-15,89,73,490,224,570,none
Saturday,6,21-11-15,113,74,799,308,470,none
Sunday,7,22-11-15,105,44,564,225,269,none
Monday,1,23-11-15,88,40,285,179,318,none
Tuesday,2,24-11-15,74,41,355,124,332,none
Wednesday,3,25-11-15,75,52,467,176,461,none
Thursday,4,26-11-15,97,53,554,122,344,none
Friday,5,27-11-15,83,67,559,191,391,none
Saturday,6,28-11-15,113,86,596,197,389,none
Sunday,7,29-11-15,104,63,532,196,626,none
Monday,1,30-11-15,82,54,329,145,659,none
Tuesday,2,01-12-15,85,52,361,148,368,none
Wednesday,3,02-12-15,59,61,398,156,358,none
Thursday,4,03-12-15,87,47,345,165,439,none
Friday,5,04-12-15,109,61,678,192,624,none
Saturday,6,05-12-15,115,51,535,156,547,none
Sunday,7,06-12-15,109,45,734,199,453,promotion
Monday,1,07-12-15,129,72,846,185,384,promotion
Tuesday,2,08-12-15,79,48,467,188,317,none
Wednesday,3,09-12-15,85,51,562,134,434,none
Thursday,4,10-12-15,99,48,728,164,445,none
Friday,5,11-12-15,156,70,907,274,504,promotion
Saturday,6,12-12-15,53,58,590,262,423,none
Sunday,7,13-12-15,78,77,707,185,490,none
Monday,1,14-12-15,72,70,404,198,380,none
Tuesday,2,15-12-15,107,60,444,174,272,none
Wednesday,3,16-12-15,77,48,598,155,419,none
Thursday,4,17-12-15,65,54,638,107,341,none
Friday,5,18-12-15,103,63,402,154,327,none
Saturday,6,19-12-15,148,76,589,168,439,none
Sunday,7,20-12-15,106,62,657,151,477,none
Monday,1,21-12-15,73,46,570,156,238,none
Tuesday,2,22-12-15,103,53,420,134,420,none
Wednesday,3,23-12-15,72,44,505,156,375,none
Thursday,4,24-12-15,87,46,564,237,405,none
Friday,5,25-12-15,90,37,838,240,581,none
Saturday,6,26-12-15,113,46,445,255,488,none
Sunday,7,27-12-15,136,49,700,265,483,none
Monday,1,28-12-15,77,45,605,69,408,none
Tuesday,2,29-12-15,93,56,508,185,452,none
Wednesday,3,30-12-15,62,28,458,141,356,none
Thursday,4,31-12-15,65,56,491,190,446,none